Epoch,Loss_D,Loss_G,Score_D,Score_G,PSNR,SSIM,NQM
1,0.03183630402708535,0.11456740367664862,0.01451491922539093,0.038331314081628355,15.225159645080566,0.06055022031068802,-55.620941162109375
2,0.006427985305852119,0.11909134564691304,0.0024011871247316464,0.007115176683458101,15.224780082702637,0.06000474467873573,-75.85073852539062
